BEGIN TRANSACTION;
CREATE TABLE IF NOT EXISTS "Cliente" (
	"IDCliente"	INTEGER,
	"Domicilio"	TEXT NOT NULL,
	"Telefono"	INTEGER NOT NULL,
	"Nombre"	TEXT NOT NULL,
	PRIMARY KEY("IDCliente" AUTOINCREMENT)
);
CREATE TABLE IF NOT EXISTS "DetalleV" (
	"IDDetalle"	INTEGER,
	"IDProducto"	INTEGER NOT NULL,
	"IDVenta"	INTEGER NOT NULL,
	"Costo"	INTEGER NOT NULL,
	"Cantidad"	INTEGER NOT NULL,
	"Importe"	INTEGER NOT NULL,
	PRIMARY KEY("IDDetalle" AUTOINCREMENT),
	FOREIGN KEY("IDVenta") REFERENCES "Venta"("IDVenta"),
	FOREIGN KEY("IDProducto") REFERENCES "Producto"("IDProducto")
);
CREATE TABLE IF NOT EXISTS "Venta" (
	"IDVenta"	INTEGER,
	"IDCliente"	INTEGER NOT NULL,
	"IDEmpleado"	INTEGER NOT NULL,
	"Lugar"	TEXT NOT NULL,
	"Fecha"	INTEGER NOT NULL,
	"Monto"	INTEGER NOT NULL,
	"NoPedido"	INTEGER NOT NULL,
	PRIMARY KEY("IDVenta" AUTOINCREMENT),
	FOREIGN KEY("IDCliente") REFERENCES "Cliente"("IDCliente"),
	FOREIGN KEY("IDEmpleado") REFERENCES "Empleado"("IDEmpleado")
);
CREATE TABLE IF NOT EXISTS "Inventario" (
	"IDInventario"	INTEGER,
	"IDProducto"	INTEGER NOT NULL,
	"Fecha"	INTEGER NOT NULL,
	"Cantidad"	INTEGER NOT NULL,
	"TipoDeMovimiento"	TEXT NOT NULL,
	PRIMARY KEY("IDInventario" AUTOINCREMENT),
	FOREIGN KEY("IDProducto") REFERENCES "Producto"("IDProducto")
);
CREATE TABLE IF NOT EXISTS "Empleado" (
	"IDEmpleado"	INTEGER,
	"Nombre"	TEXT NOT NULL,
	"Telefono"	INTEGER NOT NULL,
	"Domicilio"	TEXT NOT NULL,
	"Puesto"	TEXT NOT NULL,
	"password"	TEXT NOT NULL,
	PRIMARY KEY("IDEmpleado" AUTOINCREMENT)
);
CREATE TABLE IF NOT EXISTS "Producto" (
	"IDProducto"	INTEGER,
	"IDProveedor"	INTEGER NOT NULL,
	"Codigo"	INTEGER NOT NULL,
	"Precio"	REAL NOT NULL,
	"PrecioVenta"	REAL NOT NULL,
	"Descripcion"	TEXT NOT NULL,
	PRIMARY KEY("IDProducto" AUTOINCREMENT),
	FOREIGN KEY("IDProveedor") REFERENCES "Proveedor"("IDProveedor")
);
CREATE TABLE IF NOT EXISTS "Proveedor" (
	"IDProveedor"	INTEGER,
	"NombreProveedor"	TEXT NOT NULL,
	"Contacto"	INTEGER NOT NULL,
	"descripcion"	TEXT NOT NULL,
	PRIMARY KEY("IDProveedor" AUTOINCREMENT)
);
CREATE TABLE IF NOT EXISTS "Autos" (
	"idauto"	INTEGER,
	"marca"	TEXT NOT NULL,
	"año"	INTEGER NOT NULL,
	"tipodeauto"	TEXT NOT NULL,
	"cilindros"	TEXT NOT NULL,
	"imagen"	TEXT NOT NULL,
	PRIMARY KEY("idauto" AUTOINCREMENT)
);
INSERT INTO "Cliente" VALUES (1,'YTJH',345345,'GFHFGH');
INSERT INTO "Cliente" VALUES (2,'LAPALMA',550402,'sebas');
INSERT INTO "Cliente" VALUES (3,'fff',4444,'yyyy');
INSERT INTO "Cliente" VALUES (4,'fdgfrr',5555,'yy');
INSERT INTO "Cliente" VALUES (5,'zumpango',666,'es');
INSERT INTO "Cliente" VALUES (6,'csadssa',2254,'se');
INSERT INTO "Cliente" VALUES (7,'steer',2312,'sere');
INSERT INTO "Cliente" VALUES (8,'casa',548,'aes');
INSERT INTO "DetalleV" VALUES (1,1,3,5489451,48561,8456);
INSERT INTO "DetalleV" VALUES (2,1,2,5,84,3218);
INSERT INTO "DetalleV" VALUES (3,2,4,54,4,65);
INSERT INTO "DetalleV" VALUES (4,2,4,541,225,31);
INSERT INTO "Venta" VALUES (1,2,4,'tucasa',55,214,1);
INSERT INTO "Venta" VALUES (3,4,2,'sdfd',12,765,4);
INSERT INTO "Venta" VALUES (4,4,2,'fds',233,3223,4);
INSERT INTO "Venta" VALUES (5,3,2,'tt',54,454,5);
INSERT INTO "Venta" VALUES (6,1,1,'casa',23589,3000,6);
INSERT INTO "Inventario" VALUES (1,3,55784,649,'salida');
INSERT INTO "Inventario" VALUES (2,3,22,66,'ll');
INSERT INTO "Inventario" VALUES (3,3,5514,5,'salida');
INSERT INTO "Empleado" VALUES (1,'sss',23232,'fff','ses','28e51044f4a9cbae2bbd3d8a9d8c902ad1455d42208277ac4a913b003038a3dc');
INSERT INTO "Empleado" VALUES (2,'KKK',555565,'FGFG','UUU','a0300b25cba59b898237b01df8d07ad904a34a19ef24d8d59c2f143e2f6d1753');
INSERT INTO "Empleado" VALUES (4,'sebas',55,'sdfsf','err','97a62ad21d79c01cceb7767952acec4fec86bfe909b06e5f3f6963365cf91ab8');
INSERT INTO "Empleado" VALUES (5,'uu',21894,'sucasa','gerebte','d4735e3a265e16eee03f59718b9b5d03019c07d8b6c51f90da3a666eec13ab35');
INSERT INTO "Producto" VALUES (1,3,44,52.5,100.5,'3');
INSERT INTO "Producto" VALUES (2,1,43,34.0,43.0,'1');
INSERT INTO "Producto" VALUES (3,3,6245,57245.0,366275257.0,'3');
INSERT INTO "Producto" VALUES (4,2,785,85785.0,79678.0,'2');
INSERT INTO "Producto" VALUES (5,1,858,85.0,8585.0,'1');
INSERT INTO "Producto" VALUES (7,1,5658,1000.0,11000.0,'supra gt');
INSERT INTO "Producto" VALUES (8,1,4564,600.0,455.0,'rx');
INSERT INTO "Producto" VALUES (9,2,32,1000.0,10000.0,'rx');
INSERT INTO "Proveedor" VALUES (1,'Ford',55694,'mustang');
INSERT INTO "Proveedor" VALUES (2,'Ferrari',55693,'farrari gto');
INSERT INTO "Proveedor" VALUES (3,'toyota',555445,'supra gt');
INSERT INTO "Proveedor" VALUES (4,'Chebrolet',5563240,'camaro');
INSERT INTO "Proveedor" VALUES (5,'mazda',4524514,'rx');
INSERT INTO "Autos" VALUES (1,'Nissan',1980,'deportipo','v8','/9j/4AAQSkZJRgABAgAAAQABAAD/2wBDAAgGBgcGBQgHBwcJCQgKDBQNDAsLDBkSEw8UHRofHh0aHBwgJC4nICIsIxwcKDcpLDAxNDQ0Hyc5PTgyPC4zNDL/2wBDAQkJCQwLDBgNDRgyIRwhMjIyMjIyMjIyMjIyMjIyMjIyMjIyMjIyMjIyMjIyMjIyMjIyMjIyMjIyMjIyMjIyMjL/wAARCABkAGQDASIAAhEBAxEB/8QAHwAAAQUBAQEBAQEAAAAAAAAAAAECAwQFBgcICQoL/8QAtRAAAgEDAwIEAwUFBAQAAAF9AQIDAAQRBRIhMUEGE1FhByJxFDKBkaEII0KxwRVS0fAkM2JyggkKFhcYGRolJicoKSo0NTY3ODk6Q0RFRkdISUpTVFVWV1hZWmNkZWZnaGlqc3R1dnd4eXqDhIWGh4iJipKTlJWWl5iZmqKjpKWmp6ipqrKztLW2t7i5usLDxMXGx8jJytLT1NXW19jZ2uHi4+Tl5ufo6erx8vP09fb3+Pn6/8QAHwEAAwEBAQEBAQEBAQAAAAAAAAECAwQFBgcICQoL/8QAtREAAgECBAQDBAcFBAQAAQJ3AAECAxEEBSExBhJBUQdhcRMiMoEIFEKRobHBCSMzUvAVYnLRChYkNOEl8RcYGRomJygpKjU2Nzg5OkNERUZHSElKU1RVVldYWVpjZGVmZ2hpanN0dXZ3eHl6goOEhYaHiImKkpOUlZaXmJmaoqOkpaanqKmqsrO0tba3uLm6wsPExcbHyMnK0tPU1dbX2Nna4uPk5ebn6Onq8vP09fb3+Pn6/9oADAMBAAIRAxEAPwDykdKWiigAooooAKKKUc0AJRQeKXrQAlFFFAAaTHFLRQAmKKWigB22jbUmM0baAI9tLtqTFG2gCPbSqhZwqgszHAAGSTVyxsZL65EUYwBy7kcIPU10EWpy6PEbfTpHgTu0blGf3YjGaAMqHwl4iuUDw6FqbqejLaPg/pUv/CE+KBz/AMI9qn4Wr/4VLP4p1dG3LqV2Cf4kuGJH55p0Xi7xNco4/tu/ES8D98Qf0p2AxL3TL3TZBHf2dxayN0WeJkJ/Mc1W210ra1rnksw1a+duvzTMR78HjpUF3p8968cgWATythdmxFc+4GAp784zz3osIwNtG2tg+HNWK5is2ufUWrLMR+CE1nzQSQStFNG8ci8FHUqR+BpDK+2in4ooAfil2mpMV0fhfwTq/iuUm0jEVqpw9zJ90H0Hdj7D8SKAOY25qxZRBruIyQtNErBpEB25XIz838PXGe2a9z074a+E9BjD6q5v5wc5lbCjHbaOMexzV+bxh4f0MeVpdhbxkDbtgiWMfTgU7MDxqfUNOtEe2tJo2LtvleJMISegBAxtA6Vh3N2hYjeM+ma9ou76XX0a9k8P6aYFQqbm5t1bC+m4jntwM15d4gs9Be5kW1t0aQNjNq4WPp1UjPHbtVKDYro5qd95447Ctmys5RBEghZVK53kgAk/z9KpRaWyMDEhIHRWOa0oNGaV1fylR+OFHQ1oqTa1J5i3JaCK3YyukeVIBY47e9OhktPswjZt+VAIQbv5VOPD0kMDXElu+0cklDn+Wa3Lfw66IpOwdMjJJH6UKjbdhzFLTNP0C+s55NWsbhrx+UlilMZbnqQcgEjB6etZfim1uTp9hcTu07RZheduo7ovqejfka2mnsLXUorCS6jSeQ7VXIBJ9hVfxXNpz6U9pFdBrqGRZCg74OwrnoT85P0U/Q1KC5XYSepwmPaipcUVzGhp6DZLquv2NkfuyzKG+bbhRy3PbgHmvWNS8WXWnxtY2toLaO3HleWvO0DjHT+leU+FNXt9H1dru6thND5LoxC5aPdgBl5GDnjORwxqXU7uy13Vmmsbu4hvGbAQSmMybRjk8qeB9T3rSCE7mzqPii5uCd7P78ms2LxMbaT/AEe3hknPIaUB9vvg8V1ll4zvrXTYNNn0EeXbgFpVmcszAHnC4GeSeTyTzT5/G8EsHlDwrG6Ekt9sX92Mn+8T2z6e9XrfYk4+9udY15ll1K7muNv3FY/Kv0XoPwrGh1bT7a52yiVolbDSqgKDH45I9wK0vEOqrbWHkWlyjtIu13VMbc8fKcnnGT+VZzJZWqxaY1tAVY4muQQ7o4XqOM4GDgA88Z6kU5zcLJBGNzp7jWNLskC2sCXU2P8AWMfkBx6d/wBPrWM2t3+9il1JECc7Im2KPoBxXP2Uu20VHJDISmG6jB4/SpGnHrW0WrXM2nc0pr6ad9008kjeruT/ADoi1CaAnyJ5Iyeuxyv8qyGuewOT7VHczSeTJgMNqnp0GBQ5IOUuTyDUp2kuIZ3vdQYyKycbTztTBPsOT2HHrTI7szCFmOWdQzD04rR0qNp9d0v7XexQoDDIVY8mNUDH26Anr7VkRfKi5UBgoU4+lckZtJ+Zs1sX949qKp+ZRUDCC2N7MtssTytIRhUTe3BydoyMnANUJLq4jCqCPMhCnJUbgMYwT14zjFWCccjqORTLi+mmffcj7SeAfOJYkemc5A+hFUmhGhDf6ja2cN+UZEZ2WO4XI5Xr/PtSS38s4EzXKzs4yW3HOffIqKPVdIeMw3GmTwRnr9nmLZ/Bv8aYbrw5FGzQR6i0mPlD7dtawaTvfcJyckk+g6OYSanYRyhSpnXdx1HQ/wA60bKA3U1jBJI297tPMyRhk3KRgDncAGJHpjHeuWu9QS4liMcRiCE87sk/4V38Nxoun2aeKYdYje9Ab7Fpqp88Urrg7s5BVecE9QeoIxWU7N6Di3uznpbRp2u79XjjspLuREcuOuSeBn0qo0+mwt/rDKR2znJ9iMCspbZmOTmpVtQKpVLKyRPLqWzq4VSsEG0HrngH8BVS5vrqeJlDFVPVVUAEVKsCr2qQIPQflSc5MfKjR07U9Mj0OUPYTPrLx/Z0mkKtEkR6ttI4bBwCMYwDnqDSVjikC47U4CoGO3UUDiigAxmmmMGpsCgCgCq1sjdqb9jSrgFJigCp9jjxgrn605bZF+6oFWcUYoAi2e1LsqTHFGKAI9tLtp+KMUAM280uPSnAUpAoAjoqTAooAdgUYFFFABijAoooAMCjAoooAMCjAoooAMCjFFFABgUYFFFABRRRQB//2Q==');
INSERT INTO "Autos" VALUES (2,'nissan',1988,'deportivo','v8','/9j/4AAQSkZJRgABAgAAAQABAAD/2wBDAAgGBgcGBQgHBwcJCQgKDBQNDAsLDBkSEw8UHRofHh0aHBwgJC4nICIsIxwcKDcpLDAxNDQ0Hyc5PTgyPC4zNDL/2wBDAQkJCQwLDBgNDRgyIRwhMjIyMjIyMjIyMjIyMjIyMjIyMjIyMjIyMjIyMjIyMjIyMjIyMjIyMjIyMjIyMjIyMjL/wAARCABkAGQDASIAAhEBAxEB/8QAHwAAAQUBAQEBAQEAAAAAAAAAAAECAwQFBgcICQoL/8QAtRAAAgEDAwIEAwUFBAQAAAF9AQIDAAQRBRIhMUEGE1FhByJxFDKBkaEII0KxwRVS0fAkM2JyggkKFhcYGRolJicoKSo0NTY3ODk6Q0RFRkdISUpTVFVWV1hZWmNkZWZnaGlqc3R1dnd4eXqDhIWGh4iJipKTlJWWl5iZmqKjpKWmp6ipqrKztLW2t7i5usLDxMXGx8jJytLT1NXW19jZ2uHi4+Tl5ufo6erx8vP09fb3+Pn6/8QAHwEAAwEBAQEBAQEBAQAAAAAAAAECAwQFBgcICQoL/8QAtREAAgECBAQDBAcFBAQAAQJ3AAECAxEEBSExBhJBUQdhcRMiMoEIFEKRobHBCSMzUvAVYnLRChYkNOEl8RcYGRomJygpKjU2Nzg5OkNERUZHSElKU1RVVldYWVpjZGVmZ2hpanN0dXZ3eHl6goOEhYaHiImKkpOUlZaXmJmaoqOkpaanqKmqsrO0tba3uLm6wsPExcbHyMnK0tPU1dbX2Nna4uPk5ebn6Onq8vP09fb3+Pn6/9oADAMBAAIRAxEAPwDykdKWiigAooooAKKKUc0AJRQeKXrQAlFFFAAaTHFLRQAmKKWigB22jbUmM0baAI9tLtqTFG2gCPbSqhZwqgszHAAGSTVyxsZL65EUYwBy7kcIPU10EWpy6PEbfTpHgTu0blGf3YjGaAMqHwl4iuUDw6FqbqejLaPg/pUv/CE+KBz/AMI9qn4Wr/4VLP4p1dG3LqV2Cf4kuGJH55p0Xi7xNco4/tu/ES8D98Qf0p2AxL3TL3TZBHf2dxayN0WeJkJ/Mc1W210ra1rnksw1a+duvzTMR78HjpUF3p8968cgWATythdmxFc+4GAp784zz3osIwNtG2tg+HNWK5is2ufUWrLMR+CE1nzQSQStFNG8ci8FHUqR+BpDK+2in4ooAfil2mpMV0fhfwTq/iuUm0jEVqpw9zJ90H0Hdj7D8SKAOY25qxZRBruIyQtNErBpEB25XIz838PXGe2a9z074a+E9BjD6q5v5wc5lbCjHbaOMexzV+bxh4f0MeVpdhbxkDbtgiWMfTgU7MDxqfUNOtEe2tJo2LtvleJMISegBAxtA6Vh3N2hYjeM+ma9ou76XX0a9k8P6aYFQqbm5t1bC+m4jntwM15d4gs9Be5kW1t0aQNjNq4WPp1UjPHbtVKDYro5qd95447Ctmys5RBEghZVK53kgAk/z9KpRaWyMDEhIHRWOa0oNGaV1fylR+OFHQ1oqTa1J5i3JaCK3YyukeVIBY47e9OhktPswjZt+VAIQbv5VOPD0kMDXElu+0cklDn+Wa3Lfw66IpOwdMjJJH6UKjbdhzFLTNP0C+s55NWsbhrx+UlilMZbnqQcgEjB6etZfim1uTp9hcTu07RZheduo7ovqejfka2mnsLXUorCS6jSeQ7VXIBJ9hVfxXNpz6U9pFdBrqGRZCg74OwrnoT85P0U/Q1KC5XYSepwmPaipcUVzGhp6DZLquv2NkfuyzKG+bbhRy3PbgHmvWNS8WXWnxtY2toLaO3HleWvO0DjHT+leU+FNXt9H1dru6thND5LoxC5aPdgBl5GDnjORwxqXU7uy13Vmmsbu4hvGbAQSmMybRjk8qeB9T3rSCE7mzqPii5uCd7P78ms2LxMbaT/AEe3hknPIaUB9vvg8V1ll4zvrXTYNNn0EeXbgFpVmcszAHnC4GeSeTyTzT5/G8EsHlDwrG6Ekt9sX92Mn+8T2z6e9XrfYk4+9udY15ll1K7muNv3FY/Kv0XoPwrGh1bT7a52yiVolbDSqgKDH45I9wK0vEOqrbWHkWlyjtIu13VMbc8fKcnnGT+VZzJZWqxaY1tAVY4muQQ7o4XqOM4GDgA88Z6kU5zcLJBGNzp7jWNLskC2sCXU2P8AWMfkBx6d/wBPrWM2t3+9il1JECc7Im2KPoBxXP2Uu20VHJDISmG6jB4/SpGnHrW0WrXM2nc0pr6ad9008kjeruT/ADoi1CaAnyJ5Iyeuxyv8qyGuewOT7VHczSeTJgMNqnp0GBQ5IOUuTyDUp2kuIZ3vdQYyKycbTztTBPsOT2HHrTI7szCFmOWdQzD04rR0qNp9d0v7XexQoDDIVY8mNUDH26Anr7VkRfKi5UBgoU4+lckZtJ+Zs1sX949qKp+ZRUDCC2N7MtssTytIRhUTe3BydoyMnANUJLq4jCqCPMhCnJUbgMYwT14zjFWCccjqORTLi+mmffcj7SeAfOJYkemc5A+hFUmhGhDf6ja2cN+UZEZ2WO4XI5Xr/PtSS38s4EzXKzs4yW3HOffIqKPVdIeMw3GmTwRnr9nmLZ/Bv8aYbrw5FGzQR6i0mPlD7dtawaTvfcJyckk+g6OYSanYRyhSpnXdx1HQ/wA60bKA3U1jBJI297tPMyRhk3KRgDncAGJHpjHeuWu9QS4liMcRiCE87sk/4V38Nxoun2aeKYdYje9Ab7Fpqp88Urrg7s5BVecE9QeoIxWU7N6Di3uznpbRp2u79XjjspLuREcuOuSeBn0qo0+mwt/rDKR2znJ9iMCspbZmOTmpVtQKpVLKyRPLqWzq4VSsEG0HrngH8BVS5vrqeJlDFVPVVUAEVKsCr2qQIPQflSc5MfKjR07U9Mj0OUPYTPrLx/Z0mkKtEkR6ttI4bBwCMYwDnqDSVjikC47U4CoGO3UUDiigAxmmmMGpsCgCgCq1sjdqb9jSrgFJigCp9jjxgrn605bZF+6oFWcUYoAi2e1LsqTHFGKAI9tLtp+KMUAM280uPSnAUpAoAjoqTAooAdgUYFFFABijAoooAMCjAoooAMCjAoooAMCjFFFABgUYFFFABRRRQB//2Q==');
INSERT INTO "Autos" VALUES (4,'silvia s15',200,'deportivo','6 cilindros en linea','/9j/4AAQSkZJRgABAgAAAQABAAD/2wBDAAgGBgcGBQgHBwcJCQgKDBQNDAsLDBkSEw8UHRofHh0aHBwgJC4nICIsIxwcKDcpLDAxNDQ0Hyc5PTgyPC4zNDL/2wBDAQkJCQwLDBgNDRgyIRwhMjIyMjIyMjIyMjIyMjIyMjIyMjIyMjIyMjIyMjIyMjIyMjIyMjIyMjIyMjIyMjIyMjL/wAARCABkAGQDASIAAhEBAxEB/8QAHwAAAQUBAQEBAQEAAAAAAAAAAAECAwQFBgcICQoL/8QAtRAAAgEDAwIEAwUFBAQAAAF9AQIDAAQRBRIhMUEGE1FhByJxFDKBkaEII0KxwRVS0fAkM2JyggkKFhcYGRolJicoKSo0NTY3ODk6Q0RFRkdISUpTVFVWV1hZWmNkZWZnaGlqc3R1dnd4eXqDhIWGh4iJipKTlJWWl5iZmqKjpKWmp6ipqrKztLW2t7i5usLDxMXGx8jJytLT1NXW19jZ2uHi4+Tl5ufo6erx8vP09fb3+Pn6/8QAHwEAAwEBAQEBAQEBAQAAAAAAAAECAwQFBgcICQoL/8QAtREAAgECBAQDBAcFBAQAAQJ3AAECAxEEBSExBhJBUQdhcRMiMoEIFEKRobHBCSMzUvAVYnLRChYkNOEl8RcYGRomJygpKjU2Nzg5OkNERUZHSElKU1RVVldYWVpjZGVmZ2hpanN0dXZ3eHl6goOEhYaHiImKkpOUlZaXmJmaoqOkpaanqKmqsrO0tba3uLm6wsPExcbHyMnK0tPU1dbX2Nna4uPk5ebn6Onq8vP09fb3+Pn6/9oADAMBAAIRAxEAPwDgNGti+sWHdjOh4PHUV3PiTRdQtL+4vJ5Gls7ndGI8k7FI9+nIrktNDpqlkYGAdNrAlRjIGeRXqOtS3Nx4RE928Bdow/ERHJHY7qc4KVrm9DEyo8yj9pWPFPs5rooPD1hquhWX2yNmdGk2lZMcE1lKCW24GcZ5NdJYa9p1po8cF3Hdo8JYZSIMrZOc/ez+lUc4/QNKksJ7qSWJxFMdsTAZ4XqDjofrSXOn310TiKc27M21iCVH+Fc9rOuTPcWN7p13O1p5u14yPLUnr688VtXqxyTwXdrfQ24ztktSWWVyRkELwCPfNY1Kbmd+FxUcO5PuvU53VRDFHcOJAHUhdmOa6P4e6vZWXhx4rm6aKRpXcoC/f/df/wBlrllM99ZXQSOGNnIbzJJMswz90Dr2z/Wo9sy6VIXWzdI2I/17Bs+wPFaROKZ6b4cm0z7VHdC+gEgaRFLEIwXA65Ck8+tbvh+6hNndB7mJh57yA7wflJNeHWWoLZXCtdWjqAg+U5GfetZSlrZQXUjrHbzqSrFs8HpzTSuS1Y9M8YeJ7fw7prus8f2srujjPO6sb4ba79oTUtRuFUm4YFgF2gkeuOteca/q/mRTWqSBl4DKQPTqK3fB2qPo+gwqLVrhpizbUkVTjPoxFS0CPZm1ZZMPLcbSRwqnAAoryW61i8uJzKbC6GewlQY9uM0UrFXNeHwrqNtJHNELWVlHy7S654/2gBWrea7c3WkXGlTwRRyQw44kGBgeucVFbePNOZ3VLqR9y5WMqm3P1yTmuYi1ozTTSmS3UyZDBwjBgf4fmxReSG7WJLLQJLmIzPJ5TngAgMMeuQamn8OXJs3hjljYsc5bI7V03he/trIxzyxKImRvlhQEc+xJH61tSz6QJp7yKfzndSFtpbfABPuOOKwdWd3qfRUsBh5U488Hdpaq+/6Hlc+lJY6Pa2V+kIZJcja+d3vjjFT3u99cga3kXylQqERvY4HvzXT6kJGWNY7q6gPpFbl1b6nH9azdtys8apqFn54PyedEyvn2AOa6YXcUzwMTGMK0oQ2Tsck2j3dtf2ZurSa3dSDgr2x/KulsbPNvLOS6F33MoOB6Y+lXLyXUr1lF3dWN48fChiwYfic1QFreIxP9mwgZz8t3/TAptNmCaMWGy2aleQvHE/kxlmJ+Xg9D1H8657U2uHeKxkkJiXDIuflGfYHFd1HJcxGVBpF027hiuHyPTO6qtxb2ErobvSrmNl4XKNx/3yDUvm7G8YUnFPns/R/pc4TXYki1Jv3bLuAP1961JdNhOk6Yyrh5ItzD15rTvtM0a5nZ5zcx59VYY/MCtWEaE9pbxC7KiCLygSVzj8DQr9iZQStaSf3/AKo4Oe2jik2qwxj++B/WiujuNCsJrmSQXTMGOQRjpRRYlq3Uytb8Ea7ol/JZzWpmeLAdrc71zjP1/SsV7TULUEvbXMYz/EjCvprxhJaXesrdaeWnWZAJPKJBDD1/DFYy2Mrx5VME/wALKCTXFPMKcG0wcX0PE7XxFrWmQxEs/kup8veuAcHBx+NacHxAv0A8yFWA44OCa9Rn0FJkzLZxsTxl4smsmTwxprXy2z6bZsWRmI8rDcY54qYY2lO915nRCtWTtCTXzKY1ZdS060M9vrEUzqPmhQmPH4Ag/iBUaywmQH+0dUiI4BazK/mdgrW1HT7a2tlaf7fbwwptH2aVkQccA+npmoY73U9F0mGX+17uzBJCCG0iefHJG5mIJHPQnjgdsV6FOcZx5o7HHNtu8t2NW4nmG2DXS2eokiJz+TD+VPGnX04/11lcZI/gKk/jgmpW+Jd3AihdcuY5PlGLiyJTIPJbEhOcegx9K6HTfEzardpbxwaLqaSA7lgQGVOBwA6x5Jyeh7emSLvFbsxlVUdGc9pukavLOIksIpMN0S5Zjz+VdDqvhrU9JshcHSFnVhtPkTOzpnvgtj+ddR4O1wa1DKdL8OrZG2YRuk7rH2PTYD09D611c0gkhZJoyGx8yg5H4eo/ChNdDZScop30PDL+N7OKJL+1vo/MHyqy7ifyU1XvrK2FspNvcRKcEb7cPgfT5ea9S1G2sbq/gkkLiWIZUONgH5jk1uxW9vJZGJCGVl64zVaIG2z5ruG03zmAeNscZMQB/LJor3dPDltbr5ZiRzkksycmily+Yc3kcr9mNvKim8DBu8cefz7j8jUAa8gEglvFcbvkZkKH6EVjt4piRo3X7S8u/Bkby5RjP91GHH1/Wt6x1WC6m23MZnIAw8VuQAfYMePzrwHg7dD00qTW6/EZi/Lb0uoHVjgIJCT+n/1qguNF12e6vbi3iDSeQkUUkjeSuCfmO7B569M9KdP4t0qxiDWMiPqLsxSKYBTHt4B74J7HnA5x0rkvEvjnX2u1WGZbNDEDG5JAIPBYdicgr6Db0zzXoYbLvZJV2cMsTT55UoLWx02q2CQ67FdXl2xiiw7IQiqGUZwiiR2/unnk7vpVbWbzTbiETecZEC8LGjOV78qASOncdq8jk0yWRpJpJDcSyt5jSNKGJJOSSc5yan0m3vL2/S2l1K4WVl+RDCZtx/ujnrXarLRIwdNPqdQLTTtYYNaXETjBO3dhhg8kqeR+Xer1t4bti7NKSQuCWUcDvWlD4VhfToI7toIVjJkbzSk0p4+XCooHHTBbPXjoK6j/AIQhZmjaymhiupFXdM/7nClWD7I0UAfNhlZsj5QMdzr7KbV2jJ22UiT4JXskPhvVLvVNTiWGaVJ4kmkwYkLPEGZjgfM0RA/3fevTLqFbmOGe1mBIxNCyS4SQ4I5IyCpB9D2I5ANcNB8OfKtreyk1i6hsbS3SKIQpEpZwzsXclGLE+Y2OmMnruONOa7k8O6VaQNr3yxCSJZJYFVpCT8ozjGdxAGABzyD1rOajFaPU0pc97WtH8fuOqQRXEGVKuhyp+o4IP45GKht7aG3ujFFEkalNxCKAM56/pWHpMWqNcvOupK9skxhkVowCzFyd3y8ckqOg6t17dGwYXUb7BgxsGYEdcjA/nUpmthTEpPNFKWJPAophY+cV8QOzAtFE6jOfMySfqQQCcVYivtLuwTPpkDSZGCWVlH5tn9a5D7XG4GWYfQUfbli+YrG6ryfMJHHuRU2KuWNal0/W53nimihWTbsh2hhGAABwCCOACfc+9R6l4C1kbj9qWcLI0KyvMdiFXClSSMclsg5AGGB5BAwrzRLyz8QTxLbPHEJXdY1bdhAScEqfTisUS3FpdBo5WSaF8q8T/dYHghh9OorqlKCS5onLGMm21K5tt4Q8Qf2l/ZosppLpScwxjLjjJIBxnjB+mKt2p1nSoTHDpMKBl2uwieQvxg5IJ64zjpzWVD4q12BSi6teFC7SFGnYgs2dx69TuOT3yfWtu48Q3mkzRRuhkEkayKVkPKnp2rSi6N3JNowxPttIJKV/kdt8K5ZtR8XxJqcNvFbwxFgr27qMjAUAlgBg9Mg9McHBHo3j3VP7K08S6Xdxf2nesY7MyAP1HylEH3zyoHBxu3EHHPlem+P9R8P65qelyufMgMlu+ZMx+YjFc5yCRken5VZ8Z6jceJ9F02C403ytXmtwbeKSRV8pd2WyOAN6xhunAQdNwyV5tx51O/QWHpttRlDlZ6bYeKrvVvDdtPLbBZhpwmuG2YVZhhflB6DcG+vGCQazPFMtxePFHBH5ixsjNx93EiMT+AwfyrktC12WLw/Nb6vJsmeSOLDzeYzIGbdJu5By4c9e/HFbC+IbWZ47/wA1J7diV2RvlY0ALbmI4B3Kv4VxRg6jsj0JSUFqelXGpfZ9AhmmZhL5jMcHA6kDIA54I4Pf3FbMc3nWsMuAN6BsA561ydjMdf0FBdeWJox5bpGpBXbjaeTz2OcDpjtXS2ZxYWytwREoI9OKGuV2CL5lctIMLRQrcUUhnxYysoyYh+AqJr14Pm8tgR0IOCPxq2HYD7/5HNK6B15XPuRRcDMfWLsuSJpCD1Ejb/1PIqE3ryRbJt0mD8pZj8o9ucfp2q89nC3VUB9mqI6chHBI/wCBCrVSa6k8kb3sMa+tpkXzrJA68ZjIQEfQDr75rYn17Trrymlt1LRokS5i+6i9Bjdg49+frWQdKc52lsD/AGc1GdNfGVkX8eK0hiJwd9PuM5UIyaeunmeseGZfhpHBcXt5qm2/iDSv5qSskzY4KhuS2S3PB6EYPNSalr9vrduwmttRee5jkjxDbhI40cNtkbD7NoErtuLHG47s8OPJk0qZh1Q/TmtPTZ9Y0wqlrevAobcGjcqykjBIxxnHH0rOpUc1sXTpqDvc6W38TaV4U87S7uxOrOhWMeckYEKDJ8vvkhmcE5wcA9K0/wDhcEKWUdlaac1rbBdjRo/G08HCjA/UVx6WVqTukiDuxyzPzmrCafYtgG1jYnjCrRGrKKshypxk9T2nwT4w0/XdSv8A+zxMsBVHRbhhvPXPAPQE4r0FbpSoAr5gs7QWFx51mJraVejREhlz9OldSt5420eGWZpNYigUjfJd27FVz0yXBxUOV3c0VJwSjax74tyMdaK8APj/AMTLwdQjJ94V/wAKKVwaa0Z5wJC3UKfwpNw67F/KiigQ4MDn5VpDxjFFFAhN23oB+NIk8iOGVipHQg4oooAcLmQMDnJPrzUn2h8Zwo7cCiimBLHcyEgnk/jVhbiUMCG5zx7UUUDTsTLezs5y5J9fxq9Jqd5NG3mzu5YKCWJJwqhV/JQB9BRRUpLYt1Jt3bdyIsXwSTnGOpooopkttu7P/9k=');
COMMIT;
